Datetime,Water Level (m)
2026-02-09 12:00:00,0.34557226
2026-02-09 13:00:00,0.057809893
2026-02-09 14:00:00,-0.33689192
2026-02-09 15:00:00,-0.76987684
2026-02-09 16:00:00,-1.1155342
2026-02-09 17:00:00,-1.2087631
2026-02-09 18:00:00,-0.974679
2026-02-09 19:00:00,-0.59563535
2026-02-09 20:00:00,-0.2023017
2026-02-09 21:00:00,0.08646628
2026-02-09 22:00:00,0.26495826
2026-02-09 23:00:00,0.20421338
2026-02-10 00:00:00,-0.08267715
2026-02-10 01:00:00,-0.39119703
2026-02-10 02:00:00,-0.7100486
2026-02-10 03:00:00,-1.0147107
2026-02-10 04:00:00,-1.2517209
2026-02-10 05:00:00,-1.3371007
2026-02-10 06:00:00,-1.2139289
2026-02-10 07:00:00,-0.8596334
2026-02-10 08:00:00,-0.43130934
2026-02-10 09:00:00,-0.021842077
2026-02-10 10:00:00,0.33330727
2026-02-10 11:00:00,0.53720164
2026-02-10 12:00:00,0.48722768
2026-02-10 13:00:00,0.2927222
2026-02-10 14:00:00,0.024878759
2026-02-10 15:00:00,-0.28099325
2026-02-10 16:00:00,-0.61114925
2026-02-10 17:00:00,-0.87560815
2026-02-10 18:00:00,-0.9823836
2026-02-10 19:00:00,-0.93459624
2026-02-10 20:00:00,-0.7928286
2026-02-10 21:00:00,-0.5973891
2026-02-10 22:00:00,-0.35179833
2026-02-10 23:00:00,-0.17741318
2026-02-11 00:00:00,-0.13133964
2026-02-11 01:00:00,-0.23389758
2026-02-11 02:00:00,-0.37899774
2026-02-11 03:00:00,-0.55522615
2026-02-11 04:00:00,-0.778321
2026-02-11 05:00:00,-1.0034021
2026-02-11 06:00:00,-1.1266086
2026-02-11 07:00:00,-1.0275137
2026-02-11 08:00:00,-0.8114625
2026-02-11 09:00:00,-0.5474053
2026-02-11 10:00:00,-0.2226796
2026-02-11 11:00:00,0.11227271
2026-02-11 12:00:00,0.34263676
2026-02-11 13:00:00,0.38692266
2026-02-11 14:00:00,0.3237706
2026-02-11 15:00:00,0.18436669
2026-02-11 16:00:00,-0.041340016
2026-02-11 17:00:00,-0.34399363
2026-02-11 18:00:00,-0.6625873
2026-02-11 19:00:00,-0.91242784
2026-02-11 20:00:00,-1.0456086
2026-02-11 21:00:00,-1.0304805
2026-02-11 22:00:00,-0.89478105
2026-02-11 23:00:00,-0.6730519
2026-02-12 00:00:00,-0.44514635
2026-02-12 01:00:00,-0.29141098
2026-02-12 02:00:00,-0.21526918
2026-02-12 03:00:00,-0.21423833
2026-02-12 04:00:00,-0.30695015
2026-02-12 05:00:00,-0.49798295
2026-02-12 06:00:00,-0.7459646
2026-02-12 07:00:00,-0.95716155
2026-02-12 08:00:00,-1.0587946
2026-02-12 09:00:00,-0.9868726
2026-02-12 10:00:00,-0.79708683
2026-02-12 11:00:00,-0.46769723
2026-02-12 12:00:00,-0.056067772
2026-02-12 13:00:00,0.28338236
2026-02-12 14:00:00,0.4886499
2026-02-12 15:00:00,0.5042211
2026-02-12 16:00:00,0.39813676
2026-02-12 17:00:00,0.15053612
2026-02-12 18:00:00,-0.20689006
2026-02-12 19:00:00,-0.62659854
2026-02-12 20:00:00,-1.0160625
2026-02-12 21:00:00,-1.2691914
2026-02-12 22:00:00,-1.3402315
2026-02-12 23:00:00,-1.1905535
2026-02-13 00:00:00,-0.8912319
2026-02-13 01:00:00,-0.5216449
2026-02-13 02:00:00,-0.21435969
2026-02-13 03:00:00,-0.0012293922
2026-02-13 04:00:00,0.068722844
2026-02-13 05:00:00,-0.07439933
2026-02-13 06:00:00,-0.3313155
2026-02-13 07:00:00,-0.6769318
2026-02-13 08:00:00,-1.0321888
2026-02-13 09:00:00,-1.2590867
2026-02-13 10:00:00,-1.2423139
2026-02-13 11:00:00,-0.9448875
2026-02-13 12:00:00,-0.52501786
2026-02-13 13:00:00,-0.0006809727
2026-02-13 14:00:00,0.41886523
2026-02-13 15:00:00,0.69528913
2026-02-13 16:00:00,0.7290107
2026-02-13 17:00:00,0.56398433
2026-02-13 18:00:00,0.24628398
2026-02-13 19:00:00,-0.25656876
2026-02-13 20:00:00,-0.80844563
2026-02-13 21:00:00,-1.3077447
2026-02-13 22:00:00,-1.5859659
2026-02-13 23:00:00,-1.583252
2026-02-14 00:00:00,-1.265836
2026-02-14 01:00:00,-0.77367115
2026-02-14 02:00:00,-0.26717496
2026-02-14 03:00:00,0.12189725
2026-02-14 04:00:00,0.3403183
2026-02-14 05:00:00,0.28145075
2026-02-14 06:00:00,-3.4003562e-05
2026-02-14 07:00:00,-0.38910192
2026-02-14 08:00:00,-0.86577916
2026-02-14 09:00:00,-1.3132052
2026-02-14 10:00:00,-1.5616447
2026-02-14 11:00:00,-1.4228157
2026-02-14 12:00:00,-0.9792724
2026-02-14 13:00:00,-0.39069304
2026-02-14 14:00:00,0.24949718
2026-02-14 15:00:00,0.76853836
2026-02-14 16:00:00,1.0327175
2026-02-14 17:00:00,0.96550006
2026-02-14 18:00:00,0.6431893
2026-02-14 19:00:00,0.14832571
2026-02-14 20:00:00,-0.49820888
2026-02-14 21:00:00,-1.1598192
2026-02-14 22:00:00,-1.6789923
2026-02-14 23:00:00,-1.890246
2026-02-15 00:00:00,-1.6690204
2026-02-15 01:00:00,-1.1143111
2026-02-15 02:00:00,-0.43847314
2026-02-15 03:00:00,0.1403893
2026-02-15 04:00:00,0.5215273
2026-02-15 05:00:00,0.65325606
2026-02-15 06:00:00,0.4061337
2026-02-15 07:00:00,-0.009983565
2026-02-15 08:00:00,-0.5693197
2026-02-15 09:00:00,-1.1655214
2026-02-15 10:00:00,-1.6555022
2026-02-15 11:00:00,-1.8299714
2026-02-15 12:00:00,-1.4672439
